,,Shared SATA Seedboxes list.,,,,,,,,,
,                 A SHARED SEEDBOX -  means more then you are using the Gbit/Cpu/Ram.,,,,,,,,,,
,,,,,,,,,,,
Company,Box name,CPU,Monthly €,TB,Gbit Shared,RAM,Traffic Limit,Location,Open tracker,Root,Plex 
https://seedgator.com,BRISK,?,7,1,1,?,Unlimited,?,Yes,No,Yes
https://oneprovider.com,1Gbit Atom C2350 ," 2x 1,7GHz","8,33",1,1,4,Unlimited,France,Yes,Yes,Yes
https://oneprovider.com,1Gbit Atom C2350 ," 2x 1,7GHz","8,33",1,1,4,Unlimited,Netherlands,Yes,Yes,Yes
https://cafecloud.fr,Seed 1000Go,?,10,1,1,?,Unlimited,France,Yes,No,Yes
https://www.feralhosting.com,Helium,?,10,1,20,?,Unlimited,Netherlands,Yes,No,Yes
https://www.seedboxco.net,AB 1000,?,"11,9",1,1,?,Unlimited,Netherlands,Yes,No,Yes
https://seedmonster.net,SM-15M450G,?,12,"0,45",1,?,Unlimited,?,Yes,No,Yes
https://seedgator.com,NIMBLE ,?,12,2,1,?,Unlimited,?,Yes,No,Yes
https://www.seedboxes.cc,Bat Box,5 core,"13,5",1,20,?,Unlimited,?,Yes,No,Yes
https://tal0ne.co.uk,SPRINT,3 core,14,1,1,3,Unlimited,Germany,No,No,Yes
https://dediseedbox.com,2017 Netherlands Small Plan,?,15,1,10,?,Unlimited,Netherlands,"DL Yes, UL no",No,Yes
https://tal0ne.co.uk,Master ,?,15,2,1,?,Unlimited,NL/GER/FR,Yes,No,Yes
https://www.feralhosting.com,Neon,?,15,"1,5",20,?,Unlimited,Netherlands,Yes,No,Yes
https://www.seedhost.eu/,SH5,?,15,3,10,?,10 Upload,Netherlands,Yes,No,Yes
https://www.seedhost.eu/,SDATA,?,15,"3,9",1,?,9 Upload,Netherlands,Yes,No,Yes
https://cloudboxes.io,Small ,?,15,1,20,,?,?,Yes,Yes,Yes
https://oneprovider.com,1Gbit Atom C2750,"8x 2,4GHz","15,5",1,1,8,Unlimited,France,Yes,Yes,Yes
https://ultraseedbox.com,"JAGUAR-Plex ""Upload Limited""",3-4 core,16,2,20,?,12 Upload ,Finland,"DL Yes, UL no",No,Yes
https://ultraseedbox.com,"JAGUAR ""Slower CPU""",2 core,16,2,20,?,Unlimited,Finland,"DL Yes, UL no",No,Yes
https://oneprovider.com,1Gbit Core i3-530,"2x 2,9GHz","16,68",2,1,8,Unlimited,France,Yes,Yes,Yes
https://seedmonster.net,SM-15M600G,?,17,"0,6",1,?,Unlimited,?,Yes,No,Yes
https://www.seedboxco.net,AB 1500,?,"17,6","1,5",1,?,Unlimited,Netherlands,Yes,No,Yes
https://www.seedboxes.cc,Gremlin Box,6 core,18,"1,5",20,?,Unlimited,?,Yes,No,Yes
https://cafecloud.fr,Seed 2000Go,?,20,2,1,?,Unlimited,France,Yes,No,Yes
https://dediseedbox.com,2017 Netherlands Medium Plan,?,20,"1,5",10,?,Unlimited,Netherlands,"DL Yes, UL no",No,Yes
https://oneprovider.com,1Gbit Xeon E3-1220,"4x 3,1GHz",20,2,1,8,Unlimited,France,Yes,Yes,Yes
https://tal0ne.co.uk,ACOLYTE,?,20,3,1,?,Unlimited,France,Yes,No,Yes
https://www.feralhosting.com,Argon,?,20,2,20,?,Unlimited,Netherlands,Yes,No,Yes
https://www.seedhost.eu/,SH4,?,20,4,10,?,15 Upload,Netherlands,Yes,No,Yes
https://put.io,1TB Storage,?,20,1,?,?,Unlimited,?,Yes,No,Yes
https://seedgator.com,AGILE,?,21,4,1,?,Unlimited,?,Yes,No,Yes
https://tal0ne.co.uk,EXCEED,4 core,22,"1,5",1,4,Unlimited,Germany,No,No,Yes
https://www.seedboxco.net,AB 2000,?,"22,15",2,1,?,Unlimited,Netherlands,Yes,No,Yes
https://ultraseedbox.com,"TEJAS-Plex ""Upload Limited""",4-5 core,24,3,20,?,18 Upload,Finland,"DL Yes, UL no",No,Yes
https://ultraseedbox.com,"TEJAS ""Slower CPU""",3 core,24,3,20,?,Unlimited,Finland,"DL Yes, UL no",No,Yes
https://seedmonster.net,SM-15M1T,?,24,1,1,?,Unlimited,?,Yes,No,Yes
https://dediseedbox.com/,2017 Netherlands Large Plan,?,25,2,10,?,Unlimited,Netherlands,"DL Yes, UL no",No,Yes
https://www.seedhost.eu/,SH 3,?,25,5,10,?,20 Upload,Netherlands,Yes,No,Yes
https://easy-tk.biz,SEEDY 1000,"Atom C2750 2,4GHz",26,1,1,8,Unlimited,France,Yes,No,Yes
https://www.seedboxes.cc,Zombie box,12 core,26,3,20,?,Unlimited,?,Yes,No,Yes
https://oneprovider.com,1Gbit Xeon E3-1230 v2,"4x 3,3GHz","26,22",2,1,16,Unlimited,France,Yes,Yes,Yes
https://oneprovider.com,1Gbit Xeon L3426,"4x 1,8GHz","26,22",4,1,16,Unlimited,France,Yes,Yes,Yes
https://cafecloud.fr,Seed 3000Go,?,27,3,1,?,Unlimited,France,Yes,No,Yes
https://www.seedboxes.cc,Vampire box,8 core,27,2,20,?,Unlimited,?,Yes,No,Yes
https://oneprovider.com,1Gbit Xeon X3450,"4x 2,6GHz","27,41",2,1,8,Unlimited,France,Yes,Yes,Yes
https://oneprovider.com,1Gbit Xeon E3-1230 v3,"4x 3,3GHz","29,79",2,1,32,Unlimited,France,Yes,Yes,Yes
https://oneprovider.com,1Gbit Xeon E3-1220,"4x 3,1GHz","29,79",4,1,16,Unlimited,France,Yes,Yes,Yes
https://evoseedbox.com,Ironman,?,30,4,1,?,10 Upload,Netherlands,Yes,No,Yes
https://www.feralhosting.com,Krypton,?,30,3,20,?,Unlimited,Netherlands,Yes,No,Yes
https://www.rapidseedbox.com,Rapid,4 core,30,"2,8",10,4,20 Upload,Netherlands,Yes,No,Yes
https://www.seedhost.eu/,SDATA L,?,30,8,1,?,16 Upload,Netherlands,Yes,No,Yes
https://easy-tk.biz,SEEDY 2000,"I3-530 2x 2,9 GHz",30,2,1,4,Unlimited,France,Yes,No,Yes
https://cloudboxes.io,Medim,?,30,3,20,,?,?,Yes,Yes,Yes
https://tal0ne.co.uk,NEMESIS,4x 3.40Ghz,32,6,1,16,Unlimited,Germany,No,Yes,Yes
https://ultraseedbox.com,MIG-Plex,5-6 core,32,4,20,?,24 Upload,Finand,"DL Yes, UL no",No,Yes
https://www.seedboxco.net,AB-3000,?,"32,4",3,10,?,Unlimited,Netherlands,Yes,Yes,Yes
https://cafecloud.fr,Seed 4000Go,?,36,4,1,?,Unlimited,France,Yes,No,Yes
https://www.hetzner.com,"Auction: Fixed prize 38€ ""Ent. HDD""",Intel Core i7-980x,38,4,1,24,Unlimited,Germany,Yes,Yes,Yes
https://www.hetzner.com,"Auction: Fixed prize 38€ ""SAS + iNiC""",Intel Core i7-950,38,"4,5",1,24,Unlimited,Germany,Yes,Yes,Yes
https://seedgator.com,HYPERSONIC,?,38,8,1,?,Unlimited,?,Yes,No,Yes
https://oneprovider.com,1Gbit Xeon E3-1220,"4x 3,1GHz","38,73",8,1,32,Unlimited,France,Yes,Yes,Yes
https://www.hetzner.com,"Auction: Fixed prize 39€ ""HWR""",Intel Core i7-980x,39,6,1,24,Unlimited,Germany,Yes,Yes,Yes
https://ultraseedbox.com,"Jaguar-Storage ""Limited Edition""",3-4 core,40,8,20,?,15 Upload,Finland,"DL Yes, UL no",No,Yes
https://seedmonster.net,SM-20M2T,?,40,2,1,?,Unlimited,?,Yes,No,Yes
https://oneprovider.com,1Gbit Xeon D-1520,"4x 2,2GHz","41,72",4,1,32,Unlimited,Germany,Yes,Yes,Yes
https://www.feralhosting.com,Xenon,?,45,"4,5",20,?,Unlimited,Netherlands,Yes,No,Yes
https://www.seedhost.eu/,SDATA XL,?,45,12,1,?,27 Upload,Netherlands,Yes,No,Yes
https://oneprovider.com,1Gbit Xeon E5520,"4x 2,2GHz","46,48",2,1,16,Unlimited,Poland,Yes,Yes,Yes
https://oneprovider.com,1Gbit Xeon E3-1230 v3,"4x 3,3GHz","46,48",4,1,32,Unlimited,France,Yes,Yes,Yes
https://oneprovider.com,1Gbit Xeon E3-1240 v3,"4x 3,4GHz","46,48",6,1,32,Unlimited,France,Yes,Yes,Yes
https://oneprovider.com,1Gbit Xeon E5620,"4x 2,4GHz","47,67",4,1,24,Unlimited,France,Yes,Yes,Yes
https://xirvik.com,Grizzly,?,50,4,2,?,Unlimited,Netherlands,Yes,Yes,Yes
https://put.io,10TB Storage,?,50,10,?,?,Unlimited,?,Yes,No,Yes
https://easy-tk.biz,SEEDY 4000,"Xeon L3426 4x 1,8Ghz",50,4,1,16,Unlimited,France,Yes,No,Yes
https://oneprovider.com,1Gbit Core i7-6700K,4x 4Hz,"53,63",2,1,32,Unlimited,Germany,Yes,Yes,Yes
https://oneprovider.com,1Gbit Xeon D-1540,8x 2Ghz,"53,63",4,1,64,Unlimited,Germany,Yes,Yes,Yes
https://oneprovider.com,1Gbit Xeon E5-1650,"4x 3,2Ghz","53,63",6,1,32,Unlimited,France,Yes,Yes,Yes
https://oneprovider.com,1Gbit Xeon E3-1230 v6,"4x 3,5Ghz","53,63",8,1,16,Unlimited,Germany,Yes,Yes,Yes
https://www.rapidseedbox.com,Furious,4,55,"5,6",10,8,25 Upload,Netherlands,Yes,No,Yes
https://www.seedhost.eu,SH1,?,55,10,10,?,50 upload,Netherlands,Yes,No,Yes
https://oneprovider.com,1Gbit Xeon E5-1410 v2,"4x 2,8Ghz","58,4",4,1,64,Unlimited,France,Yes,Yes,Yes
https://evoseedbox.com,Thanos,?,60,8,?,?,20 Upload,Netherlands,Yes,No,Yes
https://www.feralhosting.com,Radon,?,60,8,20,?,Unlimited,Netherlands,Yes,No,Yes
https://ultraseedbox.com,RAPTOR,6 core,64,4,20,?,Unlimited,Finland,Yes,No,Yes
https://ultraseedbox.com,LIGHTNING-Plex,7-8 core,64,8,20,?,Unlimited,Finland,Yes,No,Yes
https://www.reddit.com/r/Chmuranet,Vixen Class,4 core,65,4,10,6,Unlimited,?,Yes,Yes,Yes
https://www.seedhost.eu,SSD 1600,?,65,"1,6",10,?,55 upload,Netherlands,Yes,No,Yes
https://oneprovider.com,1Gbit Xeon E3-1230,"4x 3,2Ghz","65,55",4,1,32,Unlimited,United Kingdom,Yes,Yes,Yes
https://oneprovider.com,1Gbit Xeon E3-1245 v5,"4x 3,5Ghz","65,55",4,1,32,Unlimited,Poland,Yes,Yes,Yes
https://oneprovider.com,1Gbit Xeon E3-1230 v6,"4x 3,5Ghz","70,31",4,1,32,Unlimited,Poland,Yes,Yes,Yes
https://oneprovider.com,1Gbit Xeon E5-1650,"6x 3,2Ghz","70,31",6,1,64,Unlimited,France,Yes,Yes,Yes
https://oneprovider.com,1Gbit Xeon E3-1220,"4x 3,1Ghz","71,51",12,1,8,Unlimited,France,Yes,Yes,Yes
https://www.seedboxes.cc,Red Dragon box,24 core,72,6,20,?,Unlimited,?,Yes,No,Yes
https://oneprovider.com,1Gbit Xeon E5-2620 v3,"6x 2,4Ghz","77,46",4,1,64,Unlimited,Germany,Yes,Yes,Yes
https://oneprovider.com,1Gbit Xeon E3-1230 v2,"4x 3,3Ghz","77,46",12,1,16,Unlimited,France,Yes,Yes,Yes
https://www.reddit.com/r/Chmuranet,Crunchy Frog,4 core,79,4,10,6,Unlimited,?,Yes,Yes,Yes
https://ultraseedbox.com,Lightning,6 core,80,8,20,?,Unlimited,Finland,Yes,No,Yes
https://cloudboxes.io,Large,?,80,6,20,,?,?,Yes,Yes,Yes
https://oneprovider.com,1Gbit Xeon D-1520,"4x 2,2Ghz","82,24",4,1,32,Unlimited,Poland,Yes,Yes,Yes
https://oneprovider.com,1Gbit Xeon E5-1410 v2,"4x 2,8Ghz","82,24",6,1,96,Unlimited,France,Yes,Yes,Yes
https://oneprovider.com,1Gbit Xeon E5-2640,"6x 2,5Ghz","88,2",6,1,64,Unlimited,France,Yes,Yes,Yes
https://oneprovider.com,1Gbit Xeon E3-1230 v6,"4x 3,5Ghz","89,38",8,1,16,Unlimited,United Kingdom,Yes,Yes,Yes
https://oneprovider.com,1Gbit Xeon E3-1230 v6,"4x 3,5Ghz","89,38",8,1,16,Unlimited,Poland,Yes,Yes,Yes
https://oneprovider.com,1Gbit Xeon E3-1270 v6,"4x 3,8Ghz","94,15",4,1,32,Unlimited,Poland,Yes,Yes,Yes
https://oneprovider.com,1Gbit Xeon D-1520,"4x 2,2Ghz","94,15",4,1,64,Unlimited,Poland,Yes,Yes,Yes
https://oneprovider.com,1Gbit Xeon E5540,"4x 2,5Ghz","94,15",8,1,64,Unlimited,United Kingdom,Yes,Yes,Yes
https://oneprovider.com,1Gbit Xeon D-1520,"4x 2,2Ghz","101,31",4,1,32,Unlimited,United Kingdom,Yes,Yes,Yes
https://oneprovider.com,1Gbit Xeon E5-1410 v2,"4x 2,8Ghz","101,31",12,1,16,Unlimited,France,Yes,Yes,Yes
https://oneprovider.com,1Gbit Xeon D-1540,8x 2Ghz,106,4,1,32,Unlimited,Poland,Yes,Yes,Yes
https://oneprovider.com,1Gbit Xeon Silver 4110,"8x 2,1Ghz",106,4,1,64,Unlimited,Germany,Yes,Yes,Yes
https://ultraseedbox.com,RAPTOR-SSD,6 core,110,2,20,?,200 Upload,Finland,Yes,No,Yes
https://www.reddit.com/r/Chmuranet,Maximal Marmot,6 core,115,3,10,10,Unlimited,?,Yes,Yes,Yes
https://www.reddit.com/r/Chmuranet,BigBoy,6 core,116,2,10,16,Unlimited,?,Yes,Yes,Yes
https://oneprovider.com,1Gbit Xeon D-1520,"4x 2,2Ghz",118,24,1,16,Unlimited,Poland,Yes,Yes,Yes
https://oneprovider.com,1Gbit Xeon E3.1270 v6,"4x 3,8Ghz","125,14",4,1,16,Unlimited,Poland,Yes,Yes,Yes
https://oneprovider.com,1Gbit Xeon E5-2620 v2,"6x 2,1Ghz","125,14",6,1,128,Unlimited,France,Yes,Yes,Yes
https://oneprovider.com,1Gbit Xeon E3-1270 v6,"4x 3,8Ghz","125,14",8,1,32,Unlimited,Poland,Yes,Yes,Yes
https://oneprovider.com,1Gbit Xeon E5-2430,"6x 2,2Ghz","129,9",8,1,32,Unlimited,United Kingdom,Yes,Yes,Yes
https://www.reddit.com/r/Chmuranet,BigBoy,6 core,131,6,10,12,Unlimited,?,Yes,Yes,Yes
https://oneprovider.com,1Gbit EPYC 7351p,"16x 2,4Ghz","141,83",4,1,64,Unlimited,Germany,Yes,Yes,Yes
,,,,,,,,,,,
A SHARED SEEDBOX -  means more then you are using the Gbit/Cpu/Ram.,,,,,,,,,,,
,,,,,,,,,,,
"COMPANY - The vendors of the seedbox, and the link to their homepage",,,,,,,,,,,
"BOX NAME - Name of the box, so you can easly find it on the vendors homepage.",,,,,,,,,,,
"CPU - If you want to use the seedbox/stream with friends and family, is it important to chose a good CPU",,,,,,,,,,,
"TB - All listed seedboxes are SATA/HDD. See the tab SSD Seedboxes, if you want something quicker and more exspensive",,,,,,,,,,,
"GBIT SHARED - How good is your seedbox internet connection. The higher the number, the faster is both upload and download.",,,,,,,,,,,
RAM - This detemind how fast your Seedbox is to example unpack a movie,,,,,,,,,,,
TRAFFIC LIMIT - Unlimited means you can download and upload without restrictions.,,,,,,,,,,,
"LOCATION - Where the Seedbox is located. This is important, since the connection between you and the seedbox is also contolled by distance.",,,,,,,,,,,
"OPEN TRACKER - Do the seedbox allow puplic torrents, or only private trackers?",,,,,,,,,,,
"ROOT - If you got root acsees, can you install any software you wish. Beware if you are new, you need to learn alot, and install everything yourself.",,,,,,,,,,,
PLEX - All listed Seedboxes are plex supported. Plex is media steaming software that works on almost all platforms.,,,,,,,,,,,
,,,,,,,,,,,
"PM me, if you find a seedbox missing on the list. ",,,,,,,,,,,
,,,,,,,,,,,
"I hope to keep the list updated. Any hints on changes or updates, is more than welcome.",,,,,,,,,,,
,,,,,,,,,,,
NOTES:,,,,,,,,,,,
"Before buying a seedbox ""even if on this list"", then make sure to check reddit, google, etc. for negative/positive comments.",,,,,,,,,,,
"The deference between 10 and 20 Gbit shared is laughable, almost what you would call a media stunt, since they usually have more people using the 20 gbit connection.",,,,,,,,,,,
"I would not recommend a seedbox with root, if this is your first time playing around with seedboxes, and just want  something that works the first time.",,,,,,,,,,,
I have the best exprience with ping/upload speed with seedboxes located in Netherlands and Finland as close second.,,,,,,,,,,,
"All vendors got different payment options, but I would always recommend using paypal or crypto currency if possible.",,,,,,,,,,,
,,,,,,,,,,,
PERSONAL CHOICES:,,,,,,,,,,,
"This is only meant as reference, and what I look for in a seedbox. You might look for something else entirely",,,,,,,,,,,
"I'm running two seedboxes. 1st one is a SATA seedbox, that handle download/upload from private trackers, and got room for all my media. 2nd one, is a SSD, that sync up to the other, and have a better CPU/RAM for transcoding Plex faster.",,,,,,,,,,,
1st SATA Seedbox: SDATA L from Seedhost.eu.,,,,,,,,,,,
2nd SSD Seedbox: BOUNCE from tal0ne.co.uk,,,,,,,,,,,
"I'm NOT sharing my plex servers with friends or family, and if you want to do that, would I recommend somehting more powerful then my setup to handle transcoding and the traffic.",,,,,,,,,,,